GROUP,PACKAGE,CLASS,INSTRUCTION_MISSED,INSTRUCTION_COVERED,BRANCH_MISSED,BRANCH_COVERED,LINE_MISSED,LINE_COVERED,COMPLEXITY_MISSED,COMPLEXITY_COVERED,METHOD_MISSED,METHOD_COVERED
Assessement,com.assessement.ExercicioQuatro.pages,LoginPage,194,0,4,0,49,0,15,0,13,0
Assessement,com.assessement.ExercicioQuatro.pages,HomePage,50,0,2,0,12,0,5,0,4,0
Assessement,com.assessement.ExercicioQuatro.pages,SignupPage,267,0,2,0,60,0,17,0,16,0
Assessement,com.assessement.ExercicioCinco,Factorial,5,18,1,3,1,5,1,2,0,1
Assessement,com.assessement.ExercicioTres,ViaCepService,127,0,8,0,33,0,7,0,3,0
Assessement,com.assessement,App,7,0,0,0,3,0,2,0,2,0
Assessement,com.assessement.ExercicioUm,CalculoIMC,149,0,26,0,33,0,18,0,5,0
Assessement,com.assessement.ExercicioUm,Teste,193,0,0,0,37,0,5,0,5,0
Assessement,com.assessement.ExercicioUm,ExecutorTestesFormais,410,0,12,0,82,0,14,0,8,0
Assessement,com.assessement.ExercicioDois,MathFunctionsRefatorado,143,0,16,0,25,0,13,0,5,0
Assessement,com.assessement.ExercicioDois,MathFunctions,90,0,14,0,16,0,12,0,5,0
